PanjivaRecordID,score
8398226,0.12684779
8207517,0.1274839
8126261,0.1274839
8126260,0.1274839
8207514,0.1274839
8207516,0.13891253
8126263,0.13891253
8126264,0.13891253
8207518,0.13891253
8126265,0.13891253
8207515,0.13891253
8398224,0.15069257
8398228,0.15069257
8398230,0.15069257
8398229,0.15069257
8398222,0.15157673
8398221,0.15157673
8398223,0.15157673
8398227,0.15157673
8172007,0.16335411
8245391,0.16335411
8172006,0.16335411
8262617,0.16335411
8245390,0.16335411
8262616,0.16335411
8262615,0.16335411
8455402,0.16335411
8455401,0.16335411
8245392,0.16335411
8455400,0.16335411
8172008,0.16335411
8398231,0.17882587
8398225,0.17882587
8216721,0.18379642
8563937,0.18379642
8423273,0.23538809
8192939,0.23700431
8192938,0.23700431
8192937,0.23700431
8167740,0.2385026
8163089,0.24960251
8163090,0.24960251
8423274,0.25386164
8567149,0.26452157
8188042,0.27094984
8134916,0.27094984
8192963,0.27331018
8445883,0.28796953
8567150,0.29023647
8683094,0.29401132
8299364,0.31698066
8299363,0.31698066
8562327,0.31995666
8493593,0.31995666
8565165,0.31995666
8562330,0.31995666
8372644,0.32482487
8372660,0.32482487
8403735,0.32482487
8372662,0.32482487
8403728,0.32482487
8403724,0.32482487
8372651,0.32482487
8403733,0.32482487
8372663,0.32482487
8403726,0.32482487
8403738,0.32482487
8372649,0.32482487
8372664,0.32482487
8372646,0.32482487
8403734,0.32482487
8403737,0.32482487
8403731,0.32482487
8372647,0.32482487
8372643,0.32482487
8403729,0.32482487
8403736,0.32482487
8372650,0.32482487
8372648,0.32482487
8372658,0.32482487
8372657,0.32482487
8403727,0.32482487
8372661,0.32482487
8403721,0.32482487
8372645,0.32482487
8403730,0.32482487
8372659,0.32482487
8372653,0.32482487
8403725,0.32482487
8403732,0.32482487
8403722,0.32482487
8403723,0.32482487
8403720,0.32482487
8372642,0.32482487
8561800,0.3265455
8683095,0.33048964
8683096,0.33048964
8061142,0.33577213
8022215,0.3405695
8183869,0.34510067
8343065,0.35313714
8181843,0.35357055
8181844,0.35357055
8344472,0.36974746
8344471,0.36974746
8279936,0.37052238
8605705,0.38466108
8631041,0.38466108
8590155,0.38466108
8561805,0.3855574
8176968,0.386673
8176967,0.3871848
8033665,0.38759992
8203832,0.39670366
8081894,0.39670366
8370074,0.39670366
8340545,0.39670366
8331411,0.3970966
8257382,0.3970966
8539352,0.3970966
8539351,0.3970966
8268181,0.3970966
8257381,0.3970966
8300887,0.3970966
8539353,0.3970966
8268180,0.3970966
8331412,0.3970966
8298619,0.3970966
8298618,0.3970966
8232708,0.3970966
8232707,0.3970966
8300888,0.3970966
8371604,0.3987757
8310491,0.3987757
8310492,0.3987757
8371603,0.3987757
8518125,0.39883652
8518124,0.39883652
8219914,0.3994101
8219955,0.3994101
8180745,0.3994101
8180744,0.3994101
8219913,0.3994101
8180743,0.3994101
8176961,0.40161836
7963087,0.40242797
8562332,0.40523046
8503881,0.40523046
8163092,0.40523046
8539057,0.40523046
8539056,0.40523046
8503879,0.40523046
8379802,0.40523046
8539055,0.40523046
8562333,0.40523046
8503880,0.40523046
8256694,0.40523046
8163091,0.40523046
8346377,0.40523046
8421129,0.40523046
8562331,0.40523046
8319194,0.40523046
8326121,0.40737545
8326136,0.40737545
8029313,0.40737545
8052188,0.40737545
8126148,0.41119045
8151785,0.41119045
8189035,0.41119045
8197708,0.41160914
8074317,0.41160914
8197706,0.41160914
8126268,0.41160914
8197707,0.41160914
8411002,0.41160914
8074315,0.41160914
8126266,0.41160914
8126267,0.41160914
8074316,0.41160914
8209138,0.41219473
8245402,0.41219473
8112744,0.41378742
8268887,0.4152267
8268897,0.4152267
8297587,0.4165411
8135289,0.41984904
8173910,0.41984904
8424274,0.41984904
8374256,0.41984904
8421128,0.41984904
8421130,0.41984904
8493585,0.41984904
8374255,0.41984904
8119155,0.42068943
8143691,0.42068943
8189031,0.42068943
8126151,0.42145428
8126150,0.42145428
8270880,0.42330652
8270871,0.42330652
8270865,0.42330652
8270876,0.42330652
8270869,0.42330652
8270875,0.42330652
8270870,0.42330652
8270872,0.42330652
8270873,0.42330652
8267288,0.42482176
8267289,0.42482176
8176969,0.42490563
8176962,0.42608425
8562324,0.42825764
8568781,0.42825764
8562325,0.42825764
8493583,0.429159
8539058,0.429159
8565166,0.429159
8562326,0.429159
8562335,0.429159
8562328,0.429159
8565163,0.429159
8531485,0.4328118
8521533,0.4328118
8576903,0.4343974
8162788,0.4356566
8162789,0.4356566
8119158,0.43870386
8119160,0.43870386
8119159,0.43870386
8119161,0.43870386
8060824,0.44050777
8060825,0.44050777
8452418,0.44050777
8452419,0.44050777
8493594,0.4426373
8370499,0.4426373
8451591,0.4426373
8493586,0.4426373
8562329,0.4426373
8256691,0.4426373
8568839,0.4426373
8333730,0.4426373
8454618,0.4426373
8608055,0.4432811
8463846,0.4432811
8258289,0.44390944
8175605,0.44395784
8493584,0.4440444
8539059,0.4447761
8493592,0.44487277
8022223,0.44580674
8022220,0.44580674
8022243,0.44580674
8022227,0.44580674
8022241,0.44580674
8022221,0.44580674
8022224,0.44580674
8022222,0.44580674
8022238,0.44580674
8022225,0.44580674
8022229,0.44580674
8022217,0.44580674
8022230,0.44580674
8022231,0.44580674
8022239,0.44580674
8022244,0.44580674
8022218,0.44580674
8022240,0.44580674
8022237,0.44580674
8022236,0.44580674
8022235,0.44580674
8022226,0.44580674
8022219,0.44580674
8022216,0.44580674
8022228,0.44580674
8022242,0.44580674
8022234,0.44580674
8022233,0.44580674
8022232,0.44580674
8457505,0.44601655
8495124,0.44601655
8495123,0.44601655
8457501,0.44601655
8135962,0.44616008
8135961,0.44616008
8444777,0.44702762
8166191,0.44702762
8562334,0.44702762
8445826,0.44702762
8564780,0.44702762
8370503,0.44702762
8444780,0.44702762
8163086,0.44702762
8526267,0.44750357
8505004,0.44750357
8082252,0.4485482
8505012,0.4485482
8504723,0.4485482
8217927,0.4485482
8180746,0.44970906
8219915,0.44970906
8742153,0.45192918
8766113,0.45192918
8827883,0.45192918
8454145,0.4520471
8100264,0.45245302
8194345,0.45259526
8256437,0.45259526
8162866,0.45259526
8134975,0.45259526
8081969,0.45259526
8622460,0.45670134
8531378,0.45670134
8222548,0.45776147
8466927,0.46041694
8493590,0.46041694
8135321,0.46041694
8163088,0.46041694
8333714,0.46041694
8370501,0.46041694
8163087,0.46041694
8256693,0.46041694
8256692,0.46041694
8493591,0.46041694
8135322,0.46041694
8441106,0.46041694
8333897,0.46041694
8393591,0.46041694
8166141,0.46041694
8370500,0.46041694
8230207,0.46041694
8270879,0.46248916
8270877,0.46248916
8451133,0.4656459
8451132,0.4656459
8564783,0.46571547
8203918,0.46694982
8593113,0.47066137
8576904,0.47066137
8576902,0.47066137
8061143,0.47297934
8410785,0.47349745
8410809,0.47349745
8359785,0.47349745
8410786,0.47349745
8386534,0.47349745
8511347,0.47349745
8410808,0.47349745
8481671,0.47349745
8511348,0.47349745
8481672,0.47349745
8386535,0.47349745
8359786,0.47349745
8526278,0.47440827
8671827,0.47440827
8546010,0.47440827
8318035,0.47465
8334090,0.47465
8119149,0.47505113
8219926,0.4753497
8180285,0.4753497
8180286,0.4753497
8180282,0.4753497
8219925,0.4753497
8219928,0.4753497
8219929,0.4753497
8180283,0.4753497
8380512,0.47746596
8266054,0.47746596
8569095,0.47746596
8299386,0.47746596
8130351,0.47820765
8130350,0.47820765
8228152,0.47948843
8297589,0.47948843
8561780,0.47962034
8315957,0.4802113
8256349,0.4817195
8393071,0.4817195
8452413,0.48185205
8403702,0.48185205
8429386,0.48185205
8452415,0.48185205
8403703,0.48185205
8192936,0.48185205
8403701,0.48185205
8429076,0.48185205
8068256,0.48185205
8095340,0.48185205
8429387,0.48185205
8452414,0.48185205
8157237,0.48397106
8451338,0.48536137
8134896,0.48719433
8332166,0.488435
8185918,0.49107176
8143690,0.49107176
8398240,0.49326992
8353147,0.49326992
8315958,0.4941849
8315959,0.4941849
8315960,0.4941849
8212800,0.49423915
8182540,0.49423915
8426805,0.49423915
7991886,0.49423915
8188958,0.49423915
8212580,0.49423915
8498263,0.49432364
8572804,0.49557596
8510956,0.49557596
8279946,0.49574476
8068260,0.49574476
8238889,0.49574476
8339152,0.49593702
8119156,0.49672946
8505013,0.4973594
8143688,0.5020814
8297544,0.5025115
8518126,0.5070117
8287511,0.5079453
8126152,0.5079453
8287515,0.51147646
8481600,0.51358795
8218208,0.5138984
8386429,0.5144249
8353148,0.5144249
8311386,0.51491296
8333731,0.5162194
8174789,0.5166098
8084903,0.5172718
8429445,0.520126
8381053,0.52103996
8387059,0.5215303
8493589,0.5222968
8493588,0.5222968
8493587,0.5222968
8593105,0.52331746
8420704,0.52331746
8029316,0.52360636
8297590,0.52406234
8279938,0.52467453
8279939,0.52467453
7935521,0.5246986
8381238,0.52529955
8451339,0.5259596
8379801,0.5259596
8459096,0.52630544
8481799,0.52630544
8084451,0.52665484
8082253,0.52665484
8431201,0.52670854
8403704,0.5279136
8433731,0.5279136
8611899,0.5284356
8496795,0.5284356
8218198,0.5300111
8218199,0.5300111
8218679,0.53062284
8329431,0.53062284
8322754,0.53062284
8218680,0.53062284
8329432,0.53062284
8218678,0.53062284
8329430,0.53062284
8322753,0.53062284
8322755,0.53062284
8322752,0.53062284
8329429,0.53062284
7979236,0.53235006
8458931,0.53235006
8458925,0.53235006
7979218,0.53235006
7979224,0.53235006
7952393,0.53235006
7952379,0.53235006
7979239,0.53235006
7979222,0.53235006
8458918,0.53235006
7979231,0.53235006
7979217,0.53235006
7952381,0.53235006
7952377,0.53235006
7952380,0.53235006
7952378,0.53235006
8458915,0.53235006
7952390,0.53235006
8458924,0.53235006
7952383,0.53235006
8458920,0.53235006
7952372,0.53235006
8458919,0.53235006
7952389,0.53235006
7979235,0.53235006
7979223,0.53235006
7979228,0.53235006
8458926,0.53235006
7952384,0.53235006
8458923,0.53235006
7979225,0.53235006
7952373,0.53235006
8458914,0.53235006
7979230,0.53235006
8218197,0.5329596
8218207,0.5329596
8134899,0.5334891
8218691,0.53356004
8754335,0.5337864
8814200,0.5337864
8688225,0.5337864
8697449,0.5337864
8568780,0.53409284
8335053,0.53561294
8315169,0.53561294
8143689,0.53561294
8126149,0.5364202
8197072,0.5364202
8456215,0.53663385
8456214,0.53663385
8119151,0.53707814
8176752,0.5374185
8333807,0.5378329
8320664,0.5391599
8377438,0.5391599
8022204,0.5391599
8046350,0.5391599
8328113,0.5391599
8346825,0.5402452
8081891,0.54059803
8219139,0.54059803
8081890,0.54059803
8081889,0.54059803
8219142,0.54059803
8219140,0.54059803
8219141,0.54059803
8081892,0.54059803
8429074,0.5413979
8429075,0.5413979
8429432,0.5413979
8429385,0.5413979
8429431,0.5413979
8535448,0.5420759
8298620,0.54221636
8335809,0.5423633
8052187,0.5423633
8029317,0.5423633
8176496,0.5423633
8410724,0.5432689
8029363,0.54421014
8279935,0.54436076
8303658,0.54436076
8335253,0.54445964
8340436,0.54445964
8481601,0.54500926
8461365,0.54500926
8183682,0.5457802
8207463,0.5457802
8183680,0.5457802
8245410,0.5457802
8245408,0.5457802
8245409,0.5457802
8207462,0.5457802
8183681,0.5457802
8207464,0.5457802
7996159,0.5486679
8444776,0.54878557
8180803,0.5514585
8226360,0.5514585
8005776,0.5514585
8022211,0.55176175
7977495,0.55176175
8002311,0.55176175
8022210,0.55176175
8002318,0.55176175
8002310,0.55176175
8022209,0.55176175
8022208,0.55176175
8002312,0.55176175
7977483,0.55176175
7977494,0.55176175
7977486,0.55176175
7977492,0.55176175
8022214,0.55176175
8022207,0.55176175
7977493,0.55176175
8022213,0.55176175
8002309,0.55176175
8002320,0.55176175
8022212,0.55176175
7977485,0.55176175
8002321,0.55176175
7977484,0.55176175
8002319,0.55176175
8107256,0.55425894
8033666,0.55431247
8136646,0.55458534
8333806,0.5555052
8329991,0.5556794
8308331,0.5556794
8359734,0.5558667
8422410,0.55622184
8451094,0.55622184
8422408,0.55622184
8451093,0.55622184
8422409,0.55622184
8422407,0.55622184
8451095,0.55622184
8308332,0.55634063
8329992,0.55634063
7947131,0.55792975
8389573,0.55845827
8798957,0.55845827
8799024,0.55845827
8798955,0.55845827
8799022,0.55845827
8389572,0.55845827
8514118,0.55845827
8514113,0.55845827
8389574,0.55845827
8799021,0.55845827
8389571,0.55845827
8514114,0.55845827
8514116,0.55845827
8799023,0.55845827
8798958,0.55845827
8514117,0.55845827
8799025,0.55845827
8514115,0.55845827
8798956,0.55845827
8799026,0.55845827
8227424,0.5586586
8119154,0.55897224
8496450,0.5605133
8060821,0.5605133
8084938,0.5605133
8037904,0.5605133
8496449,0.5605133
8503776,0.5620775
8353144,0.5635196
8184060,0.56486094
8318042,0.56585026
8029310,0.56585026
8151784,0.56599724
8245403,0.56599724
8180060,0.56599724
8231590,0.56599724
8110677,0.56599724
8498407,0.56613994
8199611,0.56622285
8037911,0.56689584
8180724,0.56689584
8437110,0.5669476
8136544,0.567811
8134925,0.56971455
8134923,0.56971455
8134924,0.56971455
8370496,0.5705599
8370497,0.5705599
8370498,0.5705599
8300462,0.5725204
8297533,0.5725204
8300458,0.5725204
8297534,0.5725204
8297527,0.5725204
8081870,0.5725204
8300461,0.5725204
8300464,0.5725204
8300457,0.5725204
8300463,0.5725204
8297529,0.5725204
8297528,0.5725204
8297531,0.5725204
8300459,0.5725204
8297532,0.5725204
8300455,0.5725204
8081871,0.5725204
8297525,0.5725204
8297530,0.5725204
8081872,0.5725204
8300456,0.5725204
8081874,0.5725204
8081873,0.5725204
8300460,0.5725204
8297526,0.5725204
8531335,0.5760391
8551990,0.5760391
8673902,0.5760391
8673899,0.5760391
8531334,0.5760391
8551991,0.5760391
8192603,0.57673657
8334749,0.5770478
8334746,0.5770478
8370073,0.5772298
8393074,0.5772298
8574551,0.577867
8353151,0.5783527
8340561,0.57992053
8340562,0.57992053
8340560,0.57992053
8501811,0.58119476
8411043,0.58119476
8411045,0.58119476
8761423,0.58119476
8411044,0.58119476
8738228,0.58119476
8654530,0.58119476
8451335,0.5814715
8568779,0.5814715
8297585,0.5815103
8297582,0.5815103
8297586,0.5815103
8518127,0.5815103
8297581,0.5815103
8297583,0.5815103
8393073,0.5815103
8009734,0.5815103
8297578,0.5815103
8393072,0.5815103
8297576,0.5815103
8297577,0.5815103
8297579,0.5815103
8463845,0.5815103
8335252,0.5815103
8335251,0.5815103
8203833,0.5815103
8297584,0.5815103
8203835,0.5815103
8335250,0.5815103
8009732,0.5815103
8297580,0.5815103
8009733,0.5815103
8297575,0.5815103
8518128,0.5815103
8463844,0.5815103
8340437,0.5815103
8009735,0.5815103
8203834,0.5815103
8134919,0.582958
8307676,0.58402824
8437116,0.5842443
8176648,0.58651495
8238873,0.58651495
8238874,0.58651495
8176647,0.58651495
8176649,0.58651495
8238875,0.58651495
8380499,0.5865947
8263315,0.5865947
8380500,0.5865947
8380501,0.5865947
8300513,0.5876993
7970813,0.5876993
8218165,0.5876993
8184747,0.5876993
8421624,0.5880438
8061469,0.5880438
8130864,0.5902188
8251395,0.5902188
8420719,0.59082305
8119157,0.59083545
8175030,0.59083545
8083451,0.59282494
8330770,0.59282494
8330773,0.59282494
8330772,0.59282494
8330771,0.59282494
8083450,0.59282494
8046352,0.5930445
8022203,0.5930445
7947137,0.59322095
7947135,0.59322095
7947136,0.59322095
8683093,0.5934495
8683092,0.5934495
8437117,0.59385026
8176751,0.5945014
7944607,0.59489954
7944608,0.59489954
8437111,0.5952853
8193930,0.59599316
8429418,0.59635574
8052363,0.5966551
8052367,0.5966551
8052361,0.5966551
8052362,0.5966551
8052366,0.5966551
8052365,0.5966551
8052364,0.5966551
8162798,0.5967882
8238865,0.5994898
8238871,0.5994898
8238868,0.5994898
8238863,0.5994898
8238870,0.5994898
8238866,0.5994898
8238861,0.5994898
8238872,0.5994898
8238864,0.5994898
8238867,0.5994898
8238862,0.5994898
8238869,0.5994898
8593682,0.6022984
8463719,0.60278046
8415359,0.60278046
8415360,0.60278046
8415362,0.60278046
8415361,0.60278046
8518203,0.60278046
8590153,0.60278046
8590152,0.60278046
8590154,0.60278046
8463718,0.60278046
8607996,0.60278046
8518101,0.60278046
8607995,0.60278046
8518102,0.60278046
8518185,0.60278046
8518204,0.60278046
8518103,0.60278046
8518184,0.60278046
8463720,0.60278046
8607991,0.60278046
8518205,0.60278046
8569091,0.6045133
8287509,0.60547805
8287508,0.60547805
7980416,0.6061573
7980415,0.6061573
8271954,0.6072967
8498408,0.60886836
8061472,0.61004597
7969967,0.61004597
8379226,0.61004597
8216668,0.61271596
8094079,0.61271596
8334348,0.61271596
8258284,0.61271596
8258285,0.61271596
8495264,0.61271596
8164395,0.61271596
8216717,0.61271596
8179368,0.61271596
8216719,0.61271596
8299387,0.61271596
8436393,0.61302114
8436391,0.61302114
8238859,0.61302114
8104100,0.61302114
8245641,0.6131251
8228206,0.6131529
8268716,0.6135427
8297552,0.6135427
7980417,0.6140535
8526268,0.61442137
8545964,0.61442137
8515412,0.61442137
8799556,0.61442137
8177047,0.6153381
8103603,0.61543894
8218209,0.61576724
8029488,0.616763
8437118,0.6169041
8279883,0.6169641
8000787,0.6171819
8000788,0.6171819
8303838,0.6186436
8245405,0.6194073
8245404,0.6194073
8219911,0.6194073
8219909,0.6194073
8245407,0.6194073
7947130,0.6194073
7947129,0.6194073
8245406,0.6194073
7947134,0.6194073
8219910,0.6194073
8263528,0.6194073
8219912,0.6194073
7947132,0.6194073
8263529,0.6194073
8263527,0.6194073
8545986,0.6195761
8545985,0.6195761
8545988,0.6195761
8403705,0.6195761
8403708,0.6195761
8403707,0.6195761
8545987,0.6195761
8403706,0.6195761
8267627,0.6198791
8151846,0.6198791
8267622,0.6198791
8151845,0.6198791
8151842,0.6198791
8267625,0.6198791
8151849,0.6198791
8267619,0.6198791
8267629,0.6198791
8151840,0.6198791
8267630,0.6198791
8267624,0.6198791
8267620,0.6198791
8267628,0.6198791
8151841,0.6198791
8151843,0.6198791
8151844,0.6198791
8151848,0.6198791
8267623,0.6198791
8151847,0.6198791
8353150,0.621621
7945764,0.62172616
8510454,0.622188
8474045,0.622188
8510452,0.622188
8510453,0.622188
8474043,0.622188
8510450,0.622188
8474046,0.622188
8474047,0.622188
8474044,0.622188
8510451,0.622188
8546009,0.6239083
8474042,0.6239083
8503824,0.6239083
8646081,0.6239083
8334747,0.6255141
8521562,0.6255141
8334748,0.6255141
8481794,0.6255141
8151989,0.6255141
8334750,0.6255141
7972874,0.62577593
7996158,0.62577593
8561783,0.6260028
8504721,0.6260028
8561782,0.6260028
8504722,0.6260028
8359800,0.6260226
8398070,0.6260226
8359799,0.6260226
8398075,0.6260226
8164393,0.6265762
8422401,0.6265762
8452417,0.6265762
8452416,0.6265762
8918849,0.62764245
9071567,0.62764245
9071568,0.62764245
8415367,0.62764245
8918850,0.62764245
8393027,0.62764245
8590157,0.62764245
8364532,0.62764245
7980413,0.6288062
7980410,0.6288062
7980414,0.6288062
7971879,0.6288711
7944506,0.6288711
8574482,0.628895
8526277,0.628895
8526272,0.628895
8526275,0.628895
8526271,0.628895
8574481,0.628895
8526273,0.628895
8526274,0.628895
8574484,0.628895
8574478,0.628895
8574480,0.628895
8526276,0.628895
8574479,0.628895
8574483,0.628895
8176753,0.629708
8291669,0.63053787
8302230,0.63053787
8218203,0.6305455
8218200,0.6305455
8218202,0.6305455
8218201,0.6305455
8514487,0.6309321
8531531,0.6309321
8835445,0.63140213
8835444,0.63140213
8199039,0.6314908
8325640,0.631624
7978957,0.63185966
7978956,0.63185966
8074305,0.63335586
8398057,0.63335586
8074306,0.63335586
8262909,0.6343782
8434061,0.635211
8457635,0.635211
7978000,0.63589656
7952024,0.63589656
8006316,0.63605666
8006083,0.63605666
8006086,0.63605666
8006087,0.63605666
8006310,0.63605666
8006312,0.63605666
8006315,0.63605666
8006314,0.63605666
8006084,0.63605666
8006081,0.63605666
8006311,0.63605666
8006085,0.63605666
8006082,0.63605666
8006313,0.63605666
8341218,0.6362144
8216720,0.6362144
8422413,0.6362144
8422411,0.6362144
8331812,0.6362144
8495263,0.6362144
8214226,0.6362144
8013507,0.6362508
8013509,0.6362508
8029496,0.6362508
8029495,0.6362508
8029493,0.6362508
8013508,0.6362508
8013501,0.6362508
8013503,0.6362508
8029491,0.6362508
8013506,0.6362508
8029494,0.6362508
8029492,0.6362508
8245592,0.6370754
8209040,0.6370754
8393028,0.6371458
8420703,0.6371458
8593104,0.6371458
8370056,0.6371458
8218204,0.63721323
8218205,0.63721323
8272929,0.6372749
8646048,0.6372749
8674799,0.6372749
8181543,0.6372749
8201122,0.6376686
8515428,0.6376686
8799529,0.6376686
8022246,0.63897014
8022245,0.63897014
8013505,0.63897014
8013502,0.63897014
8359733,0.63967013
8359731,0.63967013
8359730,0.63967013
8359732,0.63967013
8238856,0.6398777
8238854,0.6398777
8238858,0.6398777
8238855,0.6398777
8238857,0.6398777
8167461,0.64031756
8261228,0.64031756
8259624,0.64031756
8068259,0.64031756
8217377,0.64031756
8279886,0.64031756
8167738,0.64031756
8168436,0.64031756
8093778,0.64031756
8094280,0.64031756
8175099,0.64031756
8094226,0.64031756
7994199,0.64031756
8192590,0.64031756
8279885,0.64031756
8259843,0.64031756
8167422,0.64031756
8068258,0.64031756
8093779,0.64031756
8094227,0.64031756
8068257,0.64031756
8259625,0.64031756
8279887,0.64031756
7994200,0.64031756
8279884,0.64031756
8192591,0.64031756
8259626,0.64031756
8052390,0.6403468
8245648,0.6403468
8134922,0.6404902
8134920,0.6404902
8134921,0.6404902
8198181,0.640755
8162799,0.640755
8493075,0.640755
8081852,0.640755
8333219,0.640755
8518305,0.6413124
8022199,0.6413752
8287574,0.64168036
8175457,0.64168036
8126184,0.64168036
8052241,0.64168036
8126185,0.64168036
8343574,0.64168036
8099983,0.64168036
8173819,0.64168036
8546006,0.6422664
8481678,0.6425463
8162824,0.6426705
8162823,0.6426705
8162825,0.6426705
8162822,0.6426705
8486839,0.6438832
8077984,0.6438832
8474035,0.6439202
8422962,0.64467144
8545993,0.64467144
8545990,0.64467144
8422960,0.64467144
8422961,0.64467144
8422963,0.64467144
8422964,0.64467144
8545989,0.64467144
8545991,0.64467144
8545992,0.64467144
8481820,0.6447395
8097303,0.64483505
8498358,0.64524376
8222550,0.64659107
8300600,0.646889
8262903,0.6480448
8162820,0.6483067
8279889,0.6492132
8337468,0.64966476
8370057,0.64966476
8392026,0.6500443
8143686,0.6500443
8166635,0.6500443
8081887,0.65049905
8081888,0.65049905
8200285,0.65083367
8444387,0.65207386
8445767,0.65207386
8444385,0.65207386
8445780,0.65207386
8444389,0.65207386
8445766,0.65207386
8445779,0.65207386
8445782,0.65207386
8444380,0.65207386
8445790,0.65207386
8445764,0.65207386
8445787,0.65207386
8444391,0.65207386
8445786,0.65207386
8445784,0.65207386
8444383,0.65207386
8444382,0.65207386
8444379,0.65207386
8444384,0.65207386
8444388,0.65207386
8444381,0.65207386
8445791,0.65207386
8445785,0.65207386
8445783,0.65207386
8445781,0.65207386
8445765,0.65207386
8445789,0.65207386
8444390,0.65207386
8445788,0.65207386
8572379,0.6521517
8218206,0.6530502
7979237,0.6533728
7952374,0.6533728
7952387,0.6533728
7952391,0.6533728
7952392,0.6533728
7979233,0.6533728
7979219,0.6533728
7979232,0.6533728
7952386,0.6533728
7979238,0.6533728
7952388,0.6533728
7979226,0.6533728
7952382,0.6533728
7979234,0.6533728
7979220,0.6533728
7979229,0.6533728
7952375,0.6533728
7952385,0.6533728
7973295,0.653383
8267616,0.6535027
8267618,0.6535027
8151976,0.6535027
8151978,0.6535027
8267617,0.6535027
8151975,0.6535027
8151979,0.6535027
8267615,0.6535027
8267621,0.6535027
8151974,0.6535027
8151977,0.6535027
8267626,0.6535027
8370198,0.65402806
8370199,0.65402806
8370201,0.65402806
8370200,0.65402806
8267410,0.6543299
8250128,0.6543299
8393070,0.6552268
8556413,0.6556527
8095382,0.65566105
8180138,0.65582573
8231639,0.65582573
8331990,0.65589094
8526282,0.6561612
8569886,0.6561612
8420700,0.6562114
8420701,0.6562114
8420702,0.6562114
8545997,0.6562638
8545996,0.6562638
8403719,0.6562638
8545998,0.6562638
8546001,0.6562638
8546003,0.6562638
8403711,0.6562638
8403716,0.6562638
8403713,0.6562638
8403715,0.6562638
8403710,0.6562638
8545995,0.6562638
8403718,0.6562638
8546000,0.6562638
8403709,0.6562638
8403712,0.6562638
8545994,0.6562638
8403714,0.6562638
8403717,0.6562638
8546002,0.6562638
8545999,0.6562638
8546004,0.6562638
8481605,0.65686405
8540135,0.6570606
8540134,0.6570606
8540133,0.6570606
8303863,0.6570606
8216672,0.6570606
8563939,0.6570606
8422406,0.6570606
8371605,0.6570606
8164394,0.6570606
8371606,0.6570606
8178940,0.6570606
7943303,0.6570606
8299388,0.6570606
8495262,0.6570606
8136645,0.6570606
8563938,0.6570606
8495265,0.6570606
8338407,0.6570606
8495261,0.6570606
8039044,0.6570606
8338207,0.6570606
8216718,0.6570606
8136647,0.6570606
8563940,0.6570606
8495266,0.6570606
7929340,0.6570606
8257383,0.657309
8421608,0.657309
8562961,0.657309
8176212,0.657309
8212626,0.657309
7940344,0.657309
8370826,0.657309
8340519,0.657309
8319673,0.65758884
8504720,0.65758884
8062067,0.65758884
8429390,0.65758884
8454632,0.65758884
8340268,0.65758884
8340264,0.65758884
8319670,0.65758884
8429434,0.65758884
8340265,0.65758884
8380406,0.65758884
8429437,0.65758884
8429433,0.65758884
8563929,0.65758884
8422417,0.65758884
8319672,0.65758884
8062064,0.65758884
8258287,0.65758884
8422414,0.65758884
8258288,0.65758884
8422418,0.65758884
8422416,0.65758884
8380402,0.65758884
8380404,0.65758884
8454633,0.65758884
8429436,0.65758884
8380407,0.65758884
8340267,0.65758884
8380405,0.65758884
8429435,0.65758884
8062066,0.65758884
8164389,0.65758884
8319671,0.65758884
8319669,0.65758884
8380401,0.65758884
8422415,0.65758884
8454629,0.65758884
8258286,0.65758884
8504719,0.65758884
8454630,0.65758884
8062065,0.65758884
8454631,0.65758884
8380403,0.65758884
8340266,0.65758884
8398076,0.65785235
8359780,0.65785235
8046349,0.65890026
8029490,0.6592634
8029489,0.6592634
7997077,0.65983063
7997072,0.65983063
8383314,0.66012096
8455393,0.66012096
8474048,0.66041374
8510999,0.66041374
8506142,0.6608428
8963498,0.6608428
8287560,0.6608428
8587256,0.6608428
8761268,0.6608428
8052230,0.6608428
8052228,0.6608428
8587257,0.6608428
8963499,0.6608428
8761269,0.6608428
8287559,0.6608428
8287561,0.6608428
8506140,0.6608428
8963491,0.6608428
8287562,0.6608428
8587258,0.6608428
8963493,0.6608428
8587255,0.6608428
8761270,0.6608428
8506139,0.6608428
8052229,0.6608428
8761271,0.6608428
8780151,0.66132593
8340535,0.66132593
8780152,0.66132593
8552164,0.66132593
8552165,0.66132593
8013498,0.661592
8029392,0.661592
8013494,0.661592
8013500,0.661592
8029398,0.661592
8013499,0.661592
8029396,0.661592
8029401,0.661592
8013497,0.661592
8013493,0.661592
8029395,0.661592
8029400,0.661592
8029399,0.661592
8013495,0.661592
8013496,0.661592
8029393,0.661592
8029394,0.661592
8013504,0.661592
8013492,0.661592
8029397,0.661592
8033662,0.6615955
8784064,0.6616867
8707969,0.6616867
7975916,0.6619811
7975915,0.6619811
7975917,0.6619811
8396602,0.6622883
8103372,0.66248417
8531420,0.6628562
8531419,0.6628562
8514485,0.6628562
8514494,0.6628562
8514492,0.6634468
8531413,0.6634468
8514484,0.6634468
8531414,0.6634468
8610994,0.6636519
8526283,0.6636519
8074254,0.66460955
8265087,0.66460955
8398060,0.66460955
8074255,0.66460955
8265091,0.66460955
8074247,0.66460955
8074246,0.66460955
8074256,0.66460955
8074250,0.66460955
8112887,0.66460955
8265090,0.66460955
8074257,0.66460955
8074249,0.66460955
8074248,0.66460955
8074253,0.66460955
8112888,0.66460955
8052255,0.66460955
8398059,0.66460955
8074252,0.66460955
8074251,0.66460955
8074245,0.66460955
8514483,0.66467464
8531479,0.66467464
8531481,0.66467464
8514495,0.66467464
8531480,0.66467464
8531478,0.66467464
8514482,0.66467464
8514491,0.66467464
8514486,0.66467464
8531482,0.66467464
8263671,0.66498333
8060820,0.66498333
8457596,0.66498333
8421623,0.66517246
8370195,0.66567326
8370196,0.66567326
8370197,0.66567326
8481821,0.66582584
8481819,0.66582584
8587267,0.6658407
8587265,0.6658407
8587266,0.6658407
8587268,0.6658407
8444704,0.6658407
8052246,0.6659131
8052242,0.6659131
8052245,0.6659131
8052243,0.6659131
8052244,0.6659131
8245602,0.66602266
8531477,0.66602266
8209039,0.66602266
8774222,0.66602266
8209041,0.66602266
8245603,0.66602266
8029381,0.66626537
8410831,0.66626537
8422419,0.66630864
8222552,0.66708267
8183854,0.66708267
8164439,0.66760194
8474036,0.66761255
8460794,0.66761255
8279895,0.66761255
8837764,0.6679337
8837758,0.6679337
8837767,0.6679337
8593115,0.6679337
8837760,0.6679337
8837759,0.6679337
8837766,0.6679337
8837762,0.6679337
8837765,0.6679337
8837761,0.6679337
8593116,0.6679337
8837763,0.6679337
8262898,0.6680009
8262899,0.6680009
8262907,0.6680009
8514499,0.6690632
8531336,0.6690632
8677093,0.6691071
8258291,0.6691071
8136650,0.6691071
8563930,0.6691071
8218167,0.6691071
8837756,0.6691071
8837757,0.6691071
8594356,0.6691071
8474053,0.6693219
8305955,0.6699134
8563935,0.6699134
8563975,0.6700747
8371628,0.6700747
8083505,0.6700747
8563974,0.6700747
8455255,0.6700747
8136682,0.6700747
8083504,0.6700747
8371626,0.6700747
8136683,0.6700747
8258306,0.6700747
8455256,0.6700747
8563972,0.6700747
8194344,0.6700747
8455254,0.6700747
8563973,0.6700747
8194343,0.6700747
8164440,0.6700747
8258305,0.6700747
8164441,0.6700747
8258304,0.6700747
8371627,0.6700747
8052327,0.67061627
8245606,0.67061627
8572374,0.67061627
8052326,0.67061627
8572377,0.67061627
8572375,0.67061627
8052325,0.67061627
8245605,0.67061627
8245604,0.67061627
8341186,0.6707299
8780254,0.671177
8552053,0.671177
8340542,0.671177
8780148,0.671177
8481665,0.671177
8029361,0.671177
8257384,0.6719641
8135956,0.6719641
8199633,0.6719641
8162795,0.6728051
8162794,0.6728051
8495267,0.6728264
8258290,0.6732273
8083445,0.6732273
7970819,0.6732273
8429413,0.6732273
8452445,0.6732273
8452444,0.6732273
8457630,0.6734937
8434056,0.6734937
8396604,0.6737641
8029585,0.6739436
8300591,0.674016
8531421,0.67437446
8097305,0.6743878
8097301,0.6743878
8082855,0.67452693
8135959,0.67452693
8082856,0.67452693
8135958,0.67452693
8009731,0.6752379
8164391,0.67550945
8052192,0.67565036
8052190,0.67565036
8761135,0.67565036
8052189,0.67565036
8287514,0.67565036
8963495,0.67565036
8052191,0.67565036
8587223,0.67565036
8538684,0.6762305
8561804,0.6762305
8538682,0.6762305
8193358,0.6762305
8538683,0.6762305
8561802,0.6762305
8505533,0.6762305
8561803,0.6762305
8238860,0.6767621
8046351,0.6767621
8561978,0.6770834
8561979,0.6770834
8561977,0.6770834
8183852,0.6771604
8222551,0.6771604
8183853,0.6771604
8222554,0.6771604
8222553,0.6771604
8222631,0.6771604
8183851,0.6771604
8183856,0.6771604
8183855,0.6771604
8222632,0.6771604
8526279,0.6772303
8514498,0.6772303
8572803,0.6774292
8457479,0.6774292
8379228,0.678046
8481761,0.6781639
8481760,0.6781639
8300597,0.6789135
8300599,0.6789135
8300596,0.6789135
8300598,0.6789135
8518307,0.6791802
8518306,0.6791802
8398073,0.67975235
8360006,0.67975235
8074310,0.6798572
8074309,0.6798572
8052331,0.6798572
8410788,0.6801245
8410802,0.6801245
8410789,0.6801245
8410793,0.6801245
8410795,0.6801245
8410798,0.6801245
8410794,0.6801245
8410805,0.6801245
8198250,0.6801245
8410807,0.6801245
8410801,0.6801245
8410799,0.6801245
8198251,0.6801245
8410787,0.6801245
8410791,0.6801245
8410792,0.6801245
8410803,0.6801245
8410790,0.6801245
8410796,0.6801245
8410800,0.6801245
8198252,0.6801245
8410806,0.6801245
8410797,0.6801245
8410804,0.6801245
8256326,0.6803011
8256329,0.6803011
8297546,0.6803011
8162792,0.6803011
8256325,0.6803011
8162796,0.6803011
8162793,0.6803011
8256324,0.6803011
8256328,0.6803011
8256327,0.6803011
8162797,0.6803011
8297547,0.6803011
8552068,0.6808287
8552067,0.6808287
8335706,0.68092555
8466445,0.68092555
8390049,0.68102574
8225693,0.68102574
8225695,0.68102574
8390048,0.68102574
7929347,0.6811405
8218196,0.6811405
8572368,0.68126595
8052231,0.68126595
8245461,0.68126595
8572366,0.68126595
8052232,0.68126595
8052233,0.68126595
8245460,0.68126595
8245462,0.68126595
8572365,0.68126595
8245463,0.68126595
8572367,0.68126595
8052234,0.68126595
8360055,0.6816799
8052240,0.6817124
8029358,0.6817124
8371602,0.68217874
8371601,0.68217874
8165577,0.6822148
8165576,0.6822148
8175766,0.6822148
8175765,0.6822148
8165578,0.6822148
8218689,0.6822148
8218690,0.6822148
8562958,0.6826919
8219115,0.6827107
8454147,0.6827107
8454146,0.6827107
7996155,0.6827107
7996157,0.6827107
8454148,0.6827107
8454149,0.6827107
7996156,0.6827107
8219116,0.6827107
8587362,0.6834363
8287739,0.6834363
8761390,0.6834363
8506143,0.6834363
8963492,0.6834363
8398069,0.68406194
8353143,0.68406194
8022260,0.68420637
8411046,0.6842594
8390033,0.6842594
8298622,0.6843579
8338000,0.6843579
8084786,0.6843579
8444709,0.6843579
8595048,0.6843579
8084785,0.6843579
8562956,0.6843579
8135963,0.6843579
8163494,0.6843579
8372640,0.6843579
8084784,0.6843579
8562959,0.6843579
8463292,0.6845425
8463294,0.6845425
8463291,0.6845425
8463293,0.6845425
8463296,0.6845425
8463295,0.6845425
8493071,0.68463004
8328677,0.685002
8279891,0.6851036
8302802,0.6851036
8302799,0.6851036
8279890,0.6851036
8302801,0.6851036
8279893,0.6851036
8279892,0.6851036
8302800,0.6851036
8322498,0.68545085
8371599,0.68545085
8340438,0.68545085
8495268,0.68545085
8335604,0.68545085
8325462,0.68545085
8322497,0.68545085
8428154,0.68545085
8428153,0.68545085
8340439,0.68545085
8428438,0.68545085
8428367,0.68545085
8495269,0.68545085
8217085,0.68545085
8217084,0.68545085
8428365,0.68545085
8428368,0.68545085
8563934,0.68545085
8495271,0.68545085
8371600,0.68545085
8428437,0.68545085
8428370,0.68545085
8451096,0.68545085
8495270,0.68545085
8428366,0.68545085
8335603,0.68545085
8428152,0.68545085
8428369,0.68545085
8325461,0.68545085
8171779,0.68545085
8052185,0.685735
8052186,0.685735
8481754,0.6866731
8481756,0.6866731
8780243,0.6866731
8552170,0.6866731
8182600,0.6866731
8780244,0.6866731
8552171,0.6866731
8780154,0.6866731
8340539,0.6866731
8182884,0.6866731
8780245,0.6866731
8552172,0.6866731
8481755,0.6866731
8780150,0.6866731
8780149,0.6866731
8422449,0.686842
8386293,0.686842
8422450,0.686842
8371625,0.686842
8422448,0.686842
8386295,0.686842
8386294,0.686842
8422451,0.686842
8371624,0.686842
8386296,0.686842
7963354,0.68691695
8163493,0.68691695
8342217,0.68699956
8322054,0.68699956
7980322,0.68710244
7980321,0.68710244
8225181,0.6880652
8178865,0.6880652
8359736,0.6884449
8345822,0.6884449
8359735,0.6884449
8345823,0.6884449
8359737,0.6884449
8345824,0.6884449
8493065,0.6892686
8493066,0.6892686
8540154,0.68933725
8222558,0.68933725
8563977,0.68933725
8222557,0.68933725
8457500,0.68933725
8563976,0.68933725
8495285,0.68933725
8259983,0.68933725
8495283,0.68933725
8495281,0.68933725
8222633,0.68933725
8563971,0.68933725
8563970,0.68933725
8258303,0.68933725
8258301,0.68933725
8495284,0.68933725
8495286,0.68933725
8258302,0.68933725
8259984,0.68933725
8457502,0.68933725
8495282,0.68933725
8540153,0.68933725
8457499,0.68933725
8370058,0.68963647
8370059,0.68963647
8518994,0.689739
8518995,0.689739
8518993,0.689739
8029360,0.6909566
8225701,0.6916863
8572370,0.69193363
8572376,0.69193363
8572372,0.69193363
8572373,0.69193363
8572380,0.69193363
8572371,0.69193363
8572369,0.69193363
8245631,0.69193363
8245630,0.69193363
8052332,0.69193363
8052333,0.69193363
8562957,0.69205487
8494110,0.69205487
8163492,0.69205487
8163491,0.69205487
8451092,0.69205487
8163490,0.69205487
8163489,0.69205487
8192380,0.69205487
8192379,0.69205487
8481666,0.6924196
8481667,0.6924196
8780246,0.692451
8474033,0.692451
8103909,0.69254744
8225487,0.69254744
8103910,0.69254744
8082874,0.69262075
8494111,0.69262075
8370825,0.69262075
8396609,0.69340444
8164390,0.69380045
8046356,0.6940185
7987929,0.6940185
8022249,0.6940185
8046364,0.6940185
8340536,0.6940458
8780249,0.6940458
8780147,0.6940458
8182604,0.6940458
8780145,0.6940458
8481658,0.6940458
8552049,0.6940458
8182606,0.6940458
8340540,0.6940458
8552050,0.6940458
8029356,0.6940458
8481659,0.6940458
8780241,0.6940458
8563927,0.6940551
8061470,0.6940551
8540138,0.6940551
8094080,0.6940551
8176243,0.6940551
8540132,0.6940551
7969966,0.6940551
8038501,0.6940551
8269676,0.6940551
8216670,0.6940551
8216671,0.6940551
8494112,0.6940551
8272636,0.6940551
8094078,0.6940551
8562955,0.6940551
8563936,0.6940551
8562960,0.6940551
8163498,0.6940551
8216716,0.6940551
8163499,0.6940551
8038502,0.6940551
8061473,0.6940551
8379224,0.6940551
8486840,0.69459486
8429732,0.69459486
7929283,0.69465196
7929285,0.69465196
7929282,0.69465196
7929287,0.69465196
7929284,0.69465196
7929278,0.69465196
7929275,0.69465196
7929272,0.69465196
7929268,0.69465196
7929280,0.69465196
7929279,0.69465196
7929281,0.69465196
7929273,0.69465196
7929286,0.69465196
7929276,0.69465196
7929277,0.69465196
7929269,0.69465196
7929274,0.69465196
7929271,0.69465196
7929270,0.69465196
8495041,0.6949559
8457504,0.6949559
8563773,0.6949559
8183241,0.6950441
8183240,0.6950441
8593684,0.6951119
8298621,0.6951119
8272284,0.6951119
8135960,0.6951119
8304141,0.6951119
8084247,0.69551516
8084246,0.69551516
8611399,0.69579047
8496019,0.69579047
8461691,0.6961903
8531476,0.6961903
8461687,0.6961903
8360003,0.6961903
8226322,0.6961903
8245591,0.6961903
8531474,0.6961903
8005837,0.6961903
8005839,0.6961903
8799535,0.6961903
8574716,0.6961903
8515408,0.6961903
8321603,0.6961903
8342672,0.6961903
8574726,0.6961903
8515425,0.6961903
8311610,0.6961903
8342673,0.6961903
8799519,0.6961903
8799553,0.6961903
8245593,0.6961903
8360005,0.6961903
8515409,0.6961903
8437377,0.6961903
8552167,0.6961903
8799554,0.6961903
8104987,0.6961903
8552166,0.6961903
8799526,0.6961903
8552168,0.6961903
8719542,0.6961903
8005843,0.6961903
8287714,0.6961903
8074307,0.6961903
8052324,0.6961903
7980975,0.6961903
8531475,0.6961903
8318038,0.6961903
8799546,0.6961903
8515404,0.6961903
8052323,0.6961903
8074308,0.6961903
8360004,0.6961903
8318040,0.6961903
8321600,0.6961903
8799550,0.6961903
8719525,0.6961903
8209042,0.6964115
8245627,0.6964115
8245629,0.6964115
8209037,0.6964115
8245626,0.6964115
8209038,0.6964115
8209045,0.6964115
8245628,0.6964115
8074311,0.6966634
8074312,0.6966634
8074314,0.6966634
8074313,0.6966634
8192949,0.69694614
8392024,0.6969674
8166636,0.6969674
8143687,0.6969674
8493068,0.69713354
8501824,0.69713354
8467869,0.6974192
8561976,0.6974192
8467868,0.6974192
8561974,0.6974192
8561975,0.6974192
8538756,0.6974192
7986549,0.6974192
8531486,0.69753397
8514480,0.69753397
8514481,0.69753397
8531491,0.69753397
8531487,0.69753397
8531492,0.69753397
8531489,0.69753397
8531488,0.69753397
8514488,0.69753397
8514489,0.69753397
8531490,0.69753397
8514479,0.69753397
8514478,0.69753397
8514490,0.69753397
8551993,0.6976391
8551992,0.6976391
8673880,0.6976391
8531333,0.6976391
8531332,0.6976391
8673881,0.6976391
8061471,0.6979125
8428262,0.6979125
8176619,0.6979125
8379227,0.6979125
8216669,0.6979125
8539348,0.6979125
8370823,0.6979125
7969968,0.6979125
8272355,0.6979125
8626988,0.69806623
8311075,0.69806623
8052239,0.69806623
8510175,0.69806623
8626987,0.69806623
7999076,0.69806623
8287563,0.69806623
8311074,0.69806623
8626989,0.69806623
8179520,0.69806623
8384849,0.69806623
8052235,0.69806623
7998977,0.69806623
7999180,0.69806623
8626986,0.69806623
8245456,0.69806623
8510174,0.69806623
8510172,0.69806623
8173818,0.69806623
8126180,0.69806623
8343573,0.69806623
8384802,0.69806623
8531415,0.69806623
8433270,0.69806623
8245457,0.69806623
8029353,0.69806623
8099980,0.69806623
8456908,0.69806623
8481664,0.69806623
8221800,0.69806623
8175456,0.69806623
8312701,0.69806623
8433095,0.69806623
8099981,0.69806623
8074242,0.69806623
8510173,0.69806623
8454634,0.6983018
8341957,0.6983018
8168744,0.6983018
8506079,0.6984869
8474031,0.6984869
8505932,0.6984869
8474032,0.6984869
8785334,0.6984869
8046354,0.6984869
8029384,0.69848716
8029388,0.69848716
8029383,0.69848716
8029385,0.69848716
8029386,0.69848716
8029391,0.69848716
8029387,0.69848716
8029390,0.69848716
8029389,0.69848716
8029382,0.69848716
8422429,0.6984943
8163500,0.69849586
8188041,0.69849586
8379225,0.69872046
8029359,0.6988416
8498381,0.6990645
8531429,0.6990645
8498386,0.6990645
8287584,0.6990645
8029380,0.6990645
8531430,0.6990645
8565576,0.6990645
8565569,0.6990645
8538744,0.6994633
8538746,0.6994633
8538745,0.6994633
8538747,0.6994633
8287782,0.699611
8360056,0.699611
8270596,0.699611
8311939,0.699611
8104990,0.699611
8245650,0.699611
8600395,0.6998282
8587260,0.6998282
8587259,0.6998282
8587261,0.6998282
8600398,0.6998282
8410778,0.6998282
8600399,0.6998282
8587262,0.6998282
8600390,0.6998282
8410779,0.6998282
8540151,0.69998443
8540150,0.69998443
8422446,0.69998443
8386297,0.69998443
8422447,0.69998443
8540152,0.69998443
8386298,0.69998443
8267411,0.70104486
8258283,0.70104486
8493097,0.7012131
8518355,0.7012131
8540136,0.701414
8495257,0.701414
8505011,0.701414
8505010,0.701414
8429388,0.701414
8495258,0.701414
8540137,0.701414
8429389,0.701414
8029354,0.70143795
8029355,0.70143795
8428167,0.70206475
8563932,0.70206475
8192383,0.70206475
8164392,0.70206475
8563931,0.70206475
8136640,0.70206475
8192382,0.70206475
8192381,0.70206475
8136639,0.70206475
8039043,0.70206475
8799537,0.70221114
8437379,0.70221114
8556411,0.7022948
8481762,0.70243454
8481764,0.70243454
8481757,0.70243454
8481763,0.70243454
8481758,0.70243454
8481759,0.70243454
8300590,0.70244175
8300592,0.70244175
8300595,0.70244175
8300594,0.70244175
8754330,0.7026483
8279937,0.7026483
8046357,0.7026483
8963490,0.7026483
8583361,0.7026483
8022259,0.7026808
8022258,0.7026808
8429419,0.7027806
8225422,0.70323956
8257380,0.70324963
8666537,0.70324963
8561801,0.70324963
8561785,0.7034174
8561786,0.7034174
8262896,0.7036103
8262900,0.7036103
8262908,0.7036103
8262906,0.7036103
8262902,0.7036103
8262904,0.7036103
8262897,0.7036103
8262905,0.7036103
8262901,0.7036103
8090461,0.70393234
8202500,0.70393234
8202501,0.70393234
7967173,0.70393234
8090460,0.70393234
8029507,0.704024
8481677,0.70452714
8707814,0.7047412
8429412,0.7047412
8313670,0.7049264
8287572,0.7049264
8457640,0.70521
8434066,0.70521
8565572,0.70537686
8446108,0.70537686
8531534,0.70537686
8287781,0.70537686
8180341,0.70537686
8411047,0.70537686
8498389,0.70537686
8374969,0.70537686
8245642,0.70537686
8083365,0.7055651
8429441,0.7058879
8331657,0.7058879
8415364,0.7058879
8415363,0.7058879
8429440,0.7058879
8410723,0.7063992
8060837,0.70687926
8420695,0.7069157
8192967,0.7069157
8561787,0.7069157
8162800,0.7069157
7994930,0.7069157
7994890,0.7070293
7970780,0.7070293
8396606,0.70743847
8396603,0.70743847
8331845,0.70781684
8096269,0.70781684
8474034,0.7078612
8562936,0.7079015
8093661,0.7079015
8163495,0.7079015
8341070,0.7079015
8341071,0.7079015
8082875,0.7079015
8341069,0.7079015
8379366,0.7079015
8163512,0.7079015
8163496,0.7079015
8233065,0.7083611
8460729,0.70860255
8460730,0.70860255
8460731,0.70860255
7967171,0.7086208
7967172,0.7086208
8107393,0.70863926
8481661,0.7086629
8481663,0.7086629
8481660,0.7086629
8481662,0.7086629
8268579,0.70928043
8267423,0.70928043
8291672,0.70928043
8291670,0.70928043
8291671,0.70928043
8267403,0.70928043
8267422,0.70928043
8291674,0.70928043
8182883,0.70957553
8182882,0.70957553
8481776,0.70957553
8481780,0.70957553
8029546,0.70957553
8182599,0.70957553
8780153,0.70957553
8780235,0.70957553
8780240,0.70957553
8481772,0.70957553
8182885,0.70957553
8182598,0.70957553
8780250,0.70957553
8780253,0.70957553
8481774,0.70957553
8481771,0.70957553
8481779,0.70957553
8780239,0.70957553
8552183,0.70957553
8780242,0.70957553
8481777,0.70957553
8481775,0.70957553
8481773,0.70957553
8182605,0.70957553
8780251,0.70957553
8029545,0.70957553
8780252,0.70957553
8029548,0.70957553
8780247,0.70957553
8182603,0.70957553
8182886,0.70957553
8340538,0.70957553
8029549,0.70957553
8780248,0.70957553
8029547,0.70957553
8340537,0.70957553
8340541,0.70957553
8481778,0.70957553
8029550,0.70957553
8340543,0.70957553
8193849,0.7096553
8126258,0.7096553
8126259,0.7096553
8193851,0.7096553
8410997,0.7096553
7977367,0.71034545
7978184,0.71034545
7978185,0.71034545
7978186,0.71034545
7978183,0.71034545
7977366,0.71034545
7978187,0.71034545
7978182,0.71034545
8029357,0.71056914
8287567,0.71069276
8552052,0.71069276
8287566,0.71069276
7970815,0.7108595
7970814,0.7108595
8238881,0.71098435
8238879,0.71098435
8179440,0.71098435
8267612,0.71098435
8267613,0.71098435
8267614,0.71098435
8238880,0.71098435
8179439,0.71098435
8179441,0.71098435
8225687,0.71148276
8390050,0.71148276
8390056,0.71148276
8010398,0.71160305
8287741,0.7117787
8287742,0.7117787
8287744,0.7117787
8287743,0.7117787
8297551,0.7120123
8268941,0.7120123
8396605,0.712345
8279940,0.71247905
8279941,0.71247905
8572216,0.7132706
8572215,0.7132706
8177150,0.7132706
8518309,0.71333206
8074338,0.7139255
8074336,0.7139255
8381618,0.7139255
8074337,0.7139255
8381617,0.7139255
8029535,0.7139255
8074339,0.7139255
8052340,0.7139255
8029524,0.7139255
8381619,0.7139255
8029536,0.7139255
8203831,0.714125
7929288,0.7143122
7929289,0.7143122
7929290,0.7143122
7943909,0.7143122
7943907,0.7143122
7943908,0.7143122
8297549,0.71462214
8270189,0.71462214
8272111,0.71462214
8420696,0.71462214
8370060,0.71462214
8328823,0.71462214
8512899,0.71462214
8297548,0.71462214
8561781,0.71462214
8342163,0.71462214
8459614,0.71462214
8183898,0.71462214
8420697,0.71462214
8297550,0.71462214
8459615,0.71462214
8272221,0.71462214
8256333,0.71462214
8420693,0.71462214
8081853,0.71462214
8060817,0.71462214
8224364,0.71462214
8493074,0.71462214
8512629,0.71462214
8162791,0.71462214
8297545,0.71462214
8003872,0.71462214
8134900,0.71462214
8538657,0.71462214
8297523,0.71462214
8177854,0.71462214
8562951,0.7150912
8562953,0.7150912
8562952,0.7150912
8562954,0.7150912
8233076,0.71557194
8233071,0.71557194
8423857,0.71564
8403739,0.71564
8481788,0.7158474
8481792,0.7158474
8481793,0.7158474
8481789,0.7158474
8481790,0.7158474
8481791,0.7158474
8415365,0.7168269
8441360,0.7168269
8291678,0.7168269
8267168,0.7168269
8364530,0.7168269
8291677,0.7168269
8393647,0.7168269
8269801,0.7168269
8464465,0.7168269
8291673,0.7168269
8267123,0.7168269
8316193,0.7168269
8291676,0.7168269
8291675,0.7168269
8267122,0.7168269
8267121,0.7168269
7958610,0.71691066
7958609,0.71691066
8398077,0.71742916
8353146,0.71742916
8232705,0.7175145
8467867,0.7175145
8232706,0.7175145
8467866,0.7175145
8569090,0.7177459
8060814,0.7177459
8316869,0.7177459
8317042,0.7177459
8060813,0.7177459
8095356,0.7177459
8316873,0.7177459
8316872,0.7177459
8316870,0.7177459
8316871,0.7177459
8095357,0.7177459
8022206,0.71785367
8029503,0.7179914
8029506,0.7179914
8029505,0.7179914
8029504,0.7179914
8428760,0.71864355
8451337,0.71864355
8428504,0.71864355
8474030,0.71864355
8545963,0.71864355
8451336,0.71864355
8570842,0.71924376
8383010,0.71924376
8546008,0.71924376
8526281,0.71924376
8266917,0.719339
8420689,0.719339
8305956,0.719339
8493064,0.719339
8380504,0.719339
8095358,0.719339
8268133,0.719339
8192953,0.719339
8370049,0.719339
8095359,0.719339
8305957,0.719339
8328100,0.719339
8343621,0.719339
8420706,0.719339
8134901,0.719339
8343620,0.719339
8192952,0.719339
8420691,0.719339
8370048,0.719339
8305958,0.719339
8192951,0.719339
8162786,0.719339
8505064,0.719339
8420690,0.719339
8268132,0.719339
8505062,0.719339
8256323,0.719339
8268130,0.719339
8266916,0.719339
8336606,0.719339
8310605,0.719339
8343619,0.719339
8310606,0.719339
8420705,0.719339
8162784,0.719339
8162790,0.719339
8505063,0.719339
8380505,0.719339
8162785,0.719339
8328099,0.719339
8268131,0.719339
8268683,0.719339
8060815,0.719339
8380503,0.719339
8336607,0.719339
7995115,0.7197672
8193843,0.720019
8193845,0.720019
8126177,0.720019
8029348,0.720019
8126176,0.720019
8126178,0.720019
8029349,0.720019
8193844,0.720019
8029347,0.720019
8126179,0.720019
8193842,0.720019
8193840,0.720019
8029350,0.720019
8410774,0.720019
8126175,0.720019
8410773,0.720019
7975895,0.7202407
7975900,0.7202407
7975903,0.7202407
7975902,0.7202407
7975904,0.7202407
7975894,0.7202407
7975901,0.7202407
7975899,0.7202407
7975905,0.7202407
7975906,0.7202411
7975911,0.7202411
7975912,0.7202411
7975908,0.7202411
7975909,0.7202411
7975913,0.7202411
7975907,0.7202411
7975910,0.7202411
7975914,0.7202411
8052193,0.72042
8126153,0.72042
8384728,0.72042
8173755,0.72042
8221745,0.72042
8384815,0.72042
8099912,0.72042
8384772,0.72042
8126154,0.72042
8343516,0.72042
8052196,0.72042
8343515,0.72042
8099911,0.72042
8433042,0.72042
8531338,0.72042
8052194,0.72042
8531356,0.72042
8052199,0.72042
8531358,0.72042
8509930,0.72042
8179482,0.72042
8531370,0.72042
8626736,0.72042
8531376,0.72042
8531363,0.72042
8509923,0.72042
8531343,0.72042
8531350,0.72042
8029322,0.72042
8531347,0.72042
8175392,0.72042
8245400,0.72042
8531377,0.72042
8626739,0.72042
8531361,0.72042
8509921,0.72042
8531352,0.72042
8531348,0.72042
7999002,0.72042
8531349,0.72042
8531339,0.72042
7999004,0.72042
8311009,0.72042
8531353,0.72042
8626733,0.72042
8312662,0.72042
8626737,0.72042
8531373,0.72042
8029324,0.72042
8481606,0.72042
8531342,0.72042
7999097,0.72042
8531344,0.72042
8531360,0.72042
8509920,0.72042
8531346,0.72042
7998908,0.72042
8179483,0.72042
8531341,0.72042
7998906,0.72042
7999098,0.72042
8531351,0.72042
8509928,0.72042
8531368,0.72042
8481607,0.72042
8245401,0.72042
8626743,0.72042
8052201,0.72042
7999003,0.72042
8312661,0.72042
8531357,0.72042
8531354,0.72042
8531365,0.72042
8052198,0.72042
8509925,0.72042
8626735,0.72042
8531375,0.72042
8531362,0.72042
8509922,0.72042
8531345,0.72042
8531355,0.72042
8509929,0.72042
8175394,0.72042
8531369,0.72042
8029323,0.72042
8052200,0.72042
8626741,0.72042
8179481,0.72042
8287517,0.72042
7998907,0.72042
7999099,0.72042
8456854,0.72042
7999001,0.72042
8433041,0.72042
8384704,0.72042
8626742,0.72042
8433216,0.72042
8173754,0.72042
8456853,0.72042
8433040,0.72042
8175393,0.72042
8074222,0.72042
8074223,0.72042
8052195,0.72042
8175372,0.72042
8433213,0.72042
8384705,0.72042
8099910,0.72042
8287516,0.72042
8626738,0.72042
8343514,0.72042
8287518,0.72042
8311008,0.72042
8531366,0.72042
8509926,0.72042
8509927,0.72042
8531367,0.72042
8626734,0.72042
8531374,0.72042
8311010,0.72042
8509919,0.72042
8626740,0.72042
8626744,0.72042
8245399,0.72042
8531371,0.72042
8509924,0.72042
8531359,0.72042
8531372,0.72042
8531364,0.72042
8531340,0.72042
8287719,0.7204863
8390038,0.7204863
8410998,0.7204863
8552169,0.7204863
8287720,0.7204863
8207591,0.720713
8029311,0.7211718
8126147,0.7211718
8410725,0.7211718
8193846,0.7211718
8029312,0.7211718
8162821,0.7213683
8287573,0.7216637
8359782,0.7216637
8359783,0.7216637
8052247,0.7216637
8359784,0.7216637
8081860,0.7219176
8081868,0.7219176
8081862,0.7219176
8081857,0.7219176
8081865,0.7219176
8081854,0.7219176
8081859,0.7219176
8081861,0.7219176
8081858,0.7219176
8081867,0.7219176
8081856,0.7219176
8081855,0.7219176
8081863,0.7219176
8081869,0.7219176
8081866,0.7219176
8081864,0.7219176
8509896,0.7222132
8626722,0.7222132
8311003,0.7222132
7998997,0.7222132
8046353,0.7222132
8221741,0.7222132
8384700,0.7222132
8526269,0.7222132
8136649,0.72253406
8495260,0.72253406
8495259,0.72253406
8318242,0.7232295
8279888,0.7232295
8511278,0.72368777
8370053,0.72368777
8386042,0.72368777
8222546,0.72368777
8457477,0.72368777
8269306,0.72368777
8060822,0.72368777
8222538,0.72368777
8256330,0.72368777
8222543,0.72368777
8222547,0.72368777
8341909,0.72368777
8433871,0.72368777
8370054,0.72368777
8222542,0.72368777
8100583,0.72368777
8162802,0.72368777
8370050,0.72368777
8457476,0.72368777
8433872,0.72368777
8433961,0.72368777
8222544,0.72368777
8222541,0.72368777
8370052,0.72368777
8457475,0.72368777
8386271,0.72368777
8457478,0.72368777
8060818,0.72368777
8370055,0.72368777
8457474,0.72368777
8433962,0.72368777
8433873,0.72368777
8256331,0.72368777
8222540,0.72368777
8262145,0.72368777
8256332,0.72368777
8337020,0.72368777
8386043,0.72368777
8602810,0.72368777
8338909,0.72368777
8222549,0.72368777
8060816,0.72368777
8370051,0.72368777
8198113,0.72368777
8262144,0.72368777
8060823,0.72368777
8602811,0.72368777
8222545,0.72368777
8360016,0.7241607
8360018,0.7241607
8360015,0.7241607
8360014,0.7241607
8360013,0.7241607
8360010,0.7241607
8398064,0.7241607
8398068,0.7241607
8398065,0.7241607
8398062,0.7241607
8360011,0.7241607
8398072,0.7241607
8360017,0.7241607
8398067,0.7241607
8398074,0.7241607
8360012,0.7241607
8398071,0.7241607
8398063,0.7241607
8360009,0.7241607
8398066,0.7241607
7970432,0.72423476
8595052,0.72435564
8595050,0.72435564
8595051,0.72435564
8372796,0.7247081
8372795,0.7247081
8373039,0.7247081
8372175,0.7247081
8373048,0.7247081
8373047,0.7247081
8373044,0.7247081
8372279,0.7247081
8372285,0.7247081
8372180,0.7247081
8372286,0.7247081
8373036,0.7247081
8372276,0.7247081
8372183,0.7247081
8373043,0.7247081
8373040,0.7247081
8373038,0.7247081
8372177,0.7247081
8372281,0.7247081
8372288,0.7247081
8372801,0.7247081
8373049,0.7247081
8373042,0.7247081
8372294,0.7247081
8372184,0.7247081
8372179,0.7247081
8372287,0.7247081
8372280,0.7247081
8372278,0.7247081
8372295,0.7247081
8373046,0.7247081
8372182,0.7247081
8373026,0.7247081
8372176,0.7247081
8372185,0.7247081
8372293,0.7247081
8372292,0.7247081
8372798,0.7247081
8373037,0.7247081
8372282,0.7247081
8373025,0.7247081
8372181,0.7247081
8372178,0.7247081
8373050,0.7247081
8373041,0.7247081
8373051,0.7247081
8373024,0.7247081
8373045,0.7247081
8372277,0.7247081
8029315,0.7248088
8029314,0.7248088
8321601,0.7249768
8719543,0.7249768
8311937,0.7249768
8052330,0.7249768
8719540,0.7249768
8574730,0.7249768
8799527,0.7249768
8461689,0.7249768
8515423,0.7249768
8270594,0.7249768
8719546,0.7249768
8226324,0.7249768
8311611,0.7249768
8799548,0.7249768
8226323,0.7249768
8005840,0.7249768
8360007,0.7249768
8515424,0.7249768
8799549,0.7249768
8226326,0.7249768
8029500,0.7249768
8799524,0.7249768
8287722,0.7249768
8574725,0.7249768
8201121,0.7249768
8515426,0.7249768
8245599,0.7249768
8201120,0.7249768
8005836,0.7249768
8574724,0.7249768
8574728,0.7249768
8029501,0.7249768
8574727,0.7249768
8321602,0.7249768
8437378,0.7249768
8052328,0.7249768
8719544,0.7249768
8245600,0.7249768
8226325,0.7249768
8799536,0.7249768
8029502,0.7249768
8799525,0.7249768
8245601,0.7249768
8287721,0.7249768
8360008,0.7249768
8321604,0.7249768
8245598,0.7249768
8461690,0.7249768
8104989,0.7249768
8719541,0.7249768
8245607,0.7249768
8052329,0.7249768
8390046,0.72509515
8225699,0.72509515
8390053,0.72509515
8225690,0.72509515
8390061,0.72509515
8068255,0.72524726
8046347,0.72524726
8428758,0.72524726
8428756,0.72524726
8192589,0.72524726
8068254,0.72524726
8022200,0.72524726
8474029,0.72524726
8046348,0.72524726
8022201,0.72524726
7971310,0.72524726
8428757,0.72524726
8217461,0.72524726
8217462,0.72524726
8428759,0.72524726
7994201,0.72524726
8192588,0.72524726
7971311,0.72524726
8428784,0.72524726
8217378,0.72524726
8029498,0.7252697
8029499,0.7252697
8359712,0.7252818
8383305,0.7252818
8359713,0.7252818
8359715,0.7252818
8383306,0.7252818
8359709,0.7252818
8383307,0.7252818
8359711,0.7252818
8383311,0.7252818
8383309,0.7252818
8383312,0.7252818
8383310,0.7252818
8359710,0.7252818
8359714,0.7252818
8390039,0.7255228
8410775,0.7255228
8029351,0.7263881
8474041,0.7264279
8474051,0.7265482
8474050,0.7265482
8474052,0.7265482
8398061,0.72680855
8265080,0.72680855
8265088,0.72680855
8265085,0.72680855
8398058,0.72680855
8265089,0.72680855
8265086,0.72680855
8052339,0.72680855
8398056,0.72680855
8052338,0.72680855
8398055,0.72680855
8279898,0.72681904
8279908,0.72681904
8279902,0.72681904
8279903,0.72681904
8279931,0.72681904
8279906,0.72681904
8279932,0.72681904
8279918,0.72681904
8279909,0.72681904
8279920,0.72681904
8279901,0.72681904
8279900,0.72681904
8279912,0.72681904
8279923,0.72681904
8279916,0.72681904
8279933,0.72681904
8279911,0.72681904
8279926,0.72681904
8279924,0.72681904
8279915,0.72681904
8279910,0.72681904
8279930,0.72681904
8279907,0.72681904
8279929,0.72681904
8279922,0.72681904
8279928,0.72681904
8279914,0.72681904
8279927,0.72681904
8279897,0.72681904
8279905,0.72681904
8279917,0.72681904
8279899,0.72681904
8279904,0.72681904
8279921,0.72681904
8279925,0.72681904
8279913,0.72681904
8279919,0.72681904
8287738,0.7269738
8297524,0.72740257
8299593,0.72756183
8218246,0.72756183
8192964,0.72756183
8262852,0.72756183
8494113,0.72756183
8370824,0.72756183
7994931,0.72756183
8342676,0.7277815
8353145,0.7277815
8245623,0.72805643
8626994,0.72805643
7999077,0.72805643
8626993,0.72805643
8626992,0.72805643
8221802,0.72805643
8052335,0.72805643
8126271,0.72805643
8343575,0.72805643
8456909,0.72805643
8531500,0.72805643
8456910,0.72805643
7999181,0.72805643
8433272,0.72805643
8099982,0.72805643
8510179,0.72805643
8221801,0.72805643
8311076,0.72805643
8312703,0.72805643
8384850,0.72805643
8287747,0.72805643
8531498,0.72805643
8052334,0.72805643
8481801,0.72805643
8173821,0.72805643
8384803,0.72805643
8287746,0.72805643
8052337,0.72805643
8531496,0.72805643
8029534,0.72805643
8510176,0.72805643
8312702,0.72805643
8433273,0.72805643
8626990,0.72805643
8179522,0.72805643
8531495,0.72805643
7998978,0.72805643
8531494,0.72805643
8531497,0.72805643
8173820,0.72805643
8175458,0.72805643
8074335,0.72805643
8531493,0.72805643
8510181,0.72805643
8626991,0.72805643
8433096,0.72805643
8433097,0.72805643
8531499,0.72805643
8510180,0.72805643
8510177,0.72805643
8175459,0.72805643
8179521,0.72805643
8245624,0.72805643
8291667,0.72847486
8316896,0.72847486
8291668,0.72847486
8316895,0.72847486
8329133,0.72847486
8329134,0.72847486
8538750,0.7287668
8538748,0.7287668
8538753,0.7287668
8225370,0.7287668
8225371,0.7287668
8538752,0.7287668
8538749,0.7287668
8538751,0.7287668
8538755,0.7287668
8538754,0.7287668
8225692,0.7288867
8297536,0.729127
8297537,0.729127
8297538,0.729127
8297539,0.729127
8010849,0.729127
8004921,0.72946763
8004919,0.72946763
8446111,0.72962964
8410780,0.72962964
8180346,0.72962964
8245466,0.72962964
8287564,0.72962964
8374962,0.72962964
8446114,0.72962964
8287565,0.72962964
8180354,0.72962964
8460984,0.73050433
8460985,0.73050433
8318037,0.7308513
8321605,0.7308513
8287556,0.7308513
8226320,0.7308513
8074239,0.7308513
8342674,0.7308513
8052236,0.7308513
8437376,0.7308513
8104985,0.7308513
8515421,0.7308513
8074238,0.7308513
8531418,0.7308513
8515422,0.7308513
8799522,0.7308513
8245465,0.7308513
8342670,0.7308513
8311609,0.7308513
8799533,0.7308513
8799532,0.7308513
8359778,0.7308513
8359779,0.7308513
8552051,0.7308513
8719539,0.7308513
8515410,0.7308513
8799534,0.7308513
8719538,0.7308513
8245458,0.7308513
8226321,0.7308513
8287558,0.7308513
8052238,0.7308513
8574722,0.7308513
8461686,0.7308513
8029352,0.7308513
8104986,0.7308513
8052237,0.7308513
8574723,0.7308513
8245459,0.7308513
8074240,0.7308513
8359776,0.7308513
8201117,0.7308513
8287557,0.7308513
8311607,0.7308513
8311608,0.7308513
8321606,0.7308513
8359777,0.7308513
8437374,0.7308513
8245464,0.7308513
8321598,0.7308513
8799523,0.7308513
8342669,0.7308513
8074241,0.7308513
8799555,0.7308513
8437375,0.7308513
8799545,0.7308513
8403740,0.7313327
8022251,0.7313327
8193847,0.7313327
8600406,0.7313327
8583360,0.7313327
8022250,0.7313327
8119153,0.7313327
8257364,0.7318275
8082866,0.7318275
8257371,0.7318275
8257366,0.7318275
8257369,0.7318275
8056765,0.7318275
8257365,0.7318275
8163504,0.7318275
8112944,0.7318275
8082864,0.7318275
8257358,0.7318275
8113070,0.7318275
8257373,0.7318275
8113071,0.7318275
8257357,0.7318275
8112946,0.7318275
8257363,0.7318275
8056766,0.7318275
8113073,0.7318275
8257362,0.7318275
8113072,0.7318275
8257361,0.7318275
8163511,0.7318275
8113069,0.7318275
8257359,0.7318275
8112951,0.7318275
8257367,0.7318275
8257368,0.7318275
8257360,0.7318275
8257370,0.7318275
8207006,0.7318275
8082861,0.7318275
8207011,0.7318275
8163505,0.7318275
8163509,0.7318275
8112739,0.7318275
8206981,0.7318275
8163503,0.7318275
8207005,0.7318275
8112943,0.7318275
8082863,0.7318275
8207016,0.7318275
8163502,0.7318275
8112942,0.7318275
8082862,0.7318275
8207003,0.7318275
8163508,0.7318275
8206997,0.7318275
8163501,0.7318275
8112948,0.7318275
8082868,0.7318275
8206995,0.7318275
8207008,0.7318275
8112945,0.7318275
8082865,0.7318275
8112949,0.7318275
8082869,0.7318275
8207013,0.7318275
8112740,0.7318275
8206983,0.7318275
8206980,0.7318275
8207009,0.7318275
8207000,0.7318275
8207010,0.7318275
8207004,0.7318275
8207015,0.7318275
8112738,0.7318275
8082857,0.7318275
8257372,0.7318275
8082860,0.7318275
8207001,0.7318275
8206982,0.7318275
8206998,0.7318275
8207002,0.7318275
8082867,0.7318275
8112947,0.7318275
8163507,0.7318275
8206999,0.7318275
8207014,0.7318275
8112940,0.7318275
8163510,0.7318275
8207012,0.7318275
8206996,0.7318275
8082859,0.7318275
8082858,0.7318275
8112939,0.7318275
8207007,0.7318275
8112950,0.7318275
8207019,0.7318275
8082870,0.7318275
8207017,0.7318275
8112941,0.7318275
8163506,0.7318275
8207018,0.7318275
8569094,0.7323487
8569093,0.7323487
8569092,0.7323487
8513217,0.732401
8162801,0.73316765
8233066,0.7346325
8233070,0.7346325
8556412,0.73490316
8100728,0.7349567
8266888,0.7349567
8177151,0.7349567
8177149,0.7349567
8060819,0.7349567
8198114,0.7349567
8339087,0.7349567
8495045,0.73536813
8495044,0.73536813
8271688,0.73536813
8371496,0.73536813
8061969,0.73536813
8371494,0.73536813
8495043,0.73536813
8258150,0.73536813
8371491,0.73536813
8371493,0.73536813
8061970,0.73536813
8227742,0.73536813
7967175,0.73536813
8371495,0.73536813
7967174,0.73536813
8371492,0.73536813
8061971,0.73536813
8338421,0.735426
8029537,0.7356353
8507670,0.7356353
8029540,0.7356353
8029543,0.7356353
8507757,0.7356353
8507669,0.7356353
8507671,0.7356353
8029541,0.7356353
8507756,0.7356353
8507667,0.7356353
8029539,0.7356353
8507664,0.7356353
8029542,0.7356353
8029544,0.7356353
8029538,0.7356353
8507668,0.7356353
8095360,0.7358687
8396615,0.7361667
8360019,0.73784554
8056764,0.73862857
8056761,0.73862857
8061474,0.73862857
8061475,0.73862857
8056763,0.73862857
8113059,0.73862857
8056762,0.73862857
8113060,0.73862857
8457633,0.73894477
8457637,0.73894477
8457639,0.73894477
8457631,0.73894477
8434062,0.73894477
8457632,0.73894477
8434064,0.73894477
8434060,0.73894477
8434065,0.73894477
8434063,0.73894477
8457636,0.73894477
8457634,0.73894477
8434058,0.73894477
8457638,0.73894477
8434059,0.73894477
8434057,0.73894477
8498387,0.7393122
8531483,0.7393122
8374968,0.7393122
8029497,0.7393122
8565568,0.7393122
8287717,0.7393122
8446119,0.7393122
8287718,0.7393122
8245596,0.7393122
8245597,0.7393122
8531484,0.7393122
8565573,0.7393122
8446107,0.7393122
8287715,0.7393122
8498380,0.7393122
8180349,0.7393122
8410999,0.7393122
8287716,0.7393122
8180356,0.7393122
8183178,0.7396481
8493069,0.7397852
8481795,0.7399403
8481784,0.7399403
8481786,0.7399403
8481787,0.7399403
8481781,0.7399403
8481796,0.7399403
8481785,0.7399403
8481797,0.7399403
8481783,0.7399403
8481798,0.7399403
8481782,0.7399403
8279894,0.7403029
8341896,0.7411198
8370827,0.7411198
8341897,0.7411198
8370828,0.7411198
8022253,0.74152815
8168743,0.74156743
8192965,0.74191886
7944610,0.74191886
8192966,0.74191886
8165280,0.74191886
8165055,0.74191886
8420692,0.7428503
8498326,0.74309015
8498343,0.74309015
8626729,0.7439161
7999095,0.7439161
8311007,0.7439161
8509913,0.7439161
8456851,0.7439161
8238887,0.7439161
8509917,0.7439161
8474055,0.7439161
8343512,0.7439161
8311005,0.7439161
8279947,0.7439161
7998905,0.7439161
7998998,0.7439161
8311004,0.7439161
8119163,0.7439161
8626723,0.7439161
8626726,0.7439161
8119165,0.7439161
8068262,0.7439161
8068261,0.7439161
8509915,0.7439161
7998903,0.7439161
8312659,0.7439161
8509899,0.7439161
8312660,0.7439161
8343511,0.7439161
8238888,0.7439161
8046362,0.7439161
8626724,0.7439161
8175391,0.7439161
8046361,0.7439161
8046363,0.7439161
8311006,0.7439161
8384814,0.7439161
8509916,0.7439161
8626731,0.7439161
8343510,0.7439161
8433024,0.7439161
8433025,0.7439161
8179479,0.7439161
8509912,0.7439161
8474056,0.7439161
8509918,0.7439161
8384702,0.7439161
8046359,0.7439161
8046360,0.7439161
8221715,0.7439161
8626725,0.7439161
8099908,0.7439161
8022255,0.7439161
8456852,0.7439161
8022254,0.7439161
8626732,0.7439161
8384703,0.7439161
8433215,0.7439161
8221743,0.7439161
8175390,0.7439161
8384813,0.7439161
8626727,0.7439161
8173753,0.7439161
8433023,0.7439161
8179478,0.7439161
8221744,0.7439161
8119162,0.7439161
8179480,0.7439161
8433214,0.7439161
7999000,0.7439161
8343513,0.7439161
8626730,0.7439161
8509898,0.7439161
8626728,0.7439161
7998999,0.7439161
8099909,0.7439161
8509914,0.7439161
7999094,0.7439161
8022256,0.7439161
7998904,0.7439161
7998902,0.7439161
8279948,0.7439161
8509897,0.7439161
7999096,0.7439161
8119164,0.7439161
7988583,0.74443555
8022202,0.7445449
7986986,0.7448642
7986990,0.7448642
8298617,0.7448642
8112741,0.7448642
8298615,0.7448642
8112742,0.7448642
8298614,0.7448642
7986985,0.7448642
7986988,0.7448642
7986984,0.7448642
7986987,0.7448642
7986991,0.7448642
7986983,0.7448642
7986993,0.7448642
7986994,0.7448642
7986992,0.7448642
8112743,0.7448642
8298616,0.7448642
7986989,0.7448642
8359724,0.7450907
8359726,0.7450907
8383324,0.7450907
8383326,0.7450907
8359722,0.7450907
8359717,0.7450907
8383315,0.7450907
8383328,0.7450907
8383330,0.7450907
8383329,0.7450907
8359719,0.7450907
8359721,0.7450907
8359720,0.7450907
8359725,0.7450907
8359723,0.7450907
8359718,0.7450907
8359716,0.7450907
8383318,0.7450907
8383316,0.7450907
8383331,0.7450907
8383323,0.7450907
8383321,0.7450907
8335572,0.7452266
8335573,0.7452266
8335571,0.7452266
8565578,0.74526817
8410776,0.74526817
8498382,0.74526817
8029346,0.74526817
8245454,0.74526817
8180347,0.74526817
8498371,0.74526817
8374964,0.74526817
8446120,0.74526817
8531416,0.74526817
8245453,0.74526817
8531417,0.74526817
8374965,0.74526817
8287555,0.74526817
8565570,0.74526817
8446113,0.74526817
8446112,0.74526817
8410777,0.74526817
8446110,0.74526817
8396612,0.74539787
8396611,0.74539787
8396607,0.74539787
8396614,0.74539787
8396608,0.74539787
8396601,0.74539787
8396613,0.74539787
8029533,0.7455489
8029528,0.7462201
8029532,0.7462201
8029527,0.7462201
8029531,0.7462201
8029530,0.7462201
8029529,0.7462201
8126262,0.7462511
8193854,0.7462511
8600405,0.7462511
8587360,0.7462511
8600404,0.7462511
8029514,0.7462511
8587361,0.7462511
8029515,0.7462511
8269089,0.7463435
8394225,0.7463435
8256351,0.7463435
8269091,0.7463435
8230379,0.7463435
8256352,0.7463435
8230376,0.7463435
8269088,0.7463435
8269090,0.7463435
8230378,0.7463435
8256353,0.7463435
8230377,0.7463435
8256350,0.7463435
8218422,0.74634594
8562935,0.74634594
8082873,0.74634594
8570932,0.7466197
8546005,0.7466197
8583359,0.7466197
8515427,0.7472713
8574729,0.7472713
8799538,0.7472713
8287734,0.7472713
8321599,0.7472713
8318039,0.7472713
8360024,0.7472713
8201118,0.7472713
8311612,0.7472713
8029526,0.7472713
8360023,0.7472713
8342675,0.7472713
8226327,0.7472713
8437381,0.7472713
8245633,0.7472713
8287745,0.7472713
8342671,0.7472713
8029525,0.7472713
8287735,0.7472713
8719545,0.7472713
8270597,0.7472713
8799528,0.7472713
8311940,0.7472713
8104991,0.7472713
8437380,0.7472713
8005838,0.7472713
8245625,0.7472713
8052336,0.7472713
8311614,0.7472713
8799539,0.7472713
8360025,0.7472713
8342677,0.7472713
8074334,0.7472713
8308036,0.7472815
8082872,0.7472815
8382158,0.7472815
8082871,0.7472815
8562943,0.7472815
8193929,0.7472815
8193928,0.7472815
8096351,0.7472815
8297588,0.7472815
8307878,0.7472815
8337698,0.7474998
8337697,0.7474998
8429406,0.7476227
8421612,0.7476227
8569086,0.7476227
8561809,0.7476227
8421620,0.7476227
8538674,0.7476227
8569085,0.7476227
8568539,0.7476227
8421622,0.7476227
8218168,0.7476227
8538680,0.7476227
8429409,0.7476227
8569089,0.7476227
8429408,0.7476227
8421614,0.7476227
8569087,0.7476227
8421609,0.7476227
8561808,0.7476227
8836895,0.7476227
8538681,0.7476227
7970817,0.7476227
8569088,0.7476227
8561806,0.7476227
8429411,0.7476227
8538677,0.7476227
8421618,0.7476227
8421621,0.7476227
8421616,0.7476227
8429410,0.7476227
8538679,0.7476227
8421613,0.7476227
8421610,0.7476227
8538673,0.7476227
8561807,0.7476227
8538675,0.7476227
8836896,0.7476227
8568540,0.7476227
8568541,0.7476227
8421611,0.7476227
8561810,0.7476227
8421619,0.7476227
8538678,0.7476227
8429407,0.7476227
8421615,0.7476227
8538676,0.7476227
8421617,0.7476227
8460982,0.7492758
8574822,0.7492758
8460983,0.7492758
8297543,0.7495707
8267170,0.7495707
8297541,0.7495707
8297540,0.7495707
8297542,0.7495707
8267172,0.7495707
8267169,0.7495707
8267171,0.7495707
8452421,0.749736
8452423,0.749736
8452422,0.749736
8568538,0.749736
8452427,0.749736
8568537,0.749736
8452424,0.749736
8135964,0.749736
8568531,0.749736
8568534,0.749736
8452426,0.749736
8568532,0.749736
8568533,0.749736
8568535,0.749736
8452420,0.749736
8568536,0.749736
8452425,0.749736
8561779,0.7498529
8481766,0.75018555
8481765,0.75018555
8259572,0.75067514
8259570,0.75067514
8259571,0.75067514
7945360,0.7509327
8263359,0.751758
7935083,0.7522281
7935084,0.7522281
7954453,0.7528651
8168755,0.753711
8156165,0.753711
8505014,0.753711
8593114,0.7541938
8171818,0.7541938
8420694,0.754324
8340658,0.754324
8493072,0.754324
8493067,0.754324
8134898,0.754324
8251377,0.754324
8192954,0.754324
8192956,0.754324
8340659,0.754324
8192940,0.754324
8192947,0.754324
7995342,0.754324
8747136,0.754324
8452429,0.754324
8493073,0.754324
8251376,0.754324
7994927,0.754324
8168749,0.754324
8340653,0.754324
8493063,0.754324
8192955,0.754324
8134897,0.754324
8029517,0.75446063
8029520,0.75446063
8029522,0.75446063
8029521,0.75446063
8029516,0.75446063
8029523,0.75446063
8029519,0.75446063
8029518,0.75446063
8258406,0.75461257
8245595,0.75461257
8258408,0.75461257
8245594,0.75461257
8562944,0.7546501
8329433,0.7546501
8322757,0.7546501
8329434,0.7546501
8322756,0.7546501
8562945,0.7546501
8552181,0.755102
8670771,0.755102
8670772,0.755102
8552180,0.755102
8380751,0.7556551
8552176,0.75607836
8287729,0.75607836
8411024,0.75607836
8390037,0.75607836
8390032,0.75607836
8390035,0.75607836
8552175,0.75607836
8411027,0.75607836
8552174,0.75607836
8411023,0.75607836
8390031,0.75607836
8411025,0.75607836
8287733,0.75607836
8287732,0.75607836
8390036,0.75607836
8287730,0.75607836
8552178,0.75607836
8390030,0.75607836
8287731,0.75607836
8411026,0.75607836
8390034,0.75607836
8552173,0.75607836
8552179,0.75607836
8552177,0.75607836
8411021,0.75607836
8287728,0.75607836
8411022,0.75607836
8380508,0.75637484
8163497,0.75637484
8380518,0.75637484
8257379,0.75637484
8429414,0.75637484
8257375,0.75637484
8539350,0.75637484
8505066,0.75637484
8562946,0.75637484
8429416,0.75637484
8380506,0.75637484
8539349,0.75637484
8380510,0.75637484
8429417,0.75637484
8562948,0.75637484
8298613,0.75637484
8505065,0.75637484
8380509,0.75637484
8429415,0.75637484
8257378,0.75637484
8257374,0.75637484
8257377,0.75637484
8380516,0.75637484
8257376,0.75637484
8095301,0.75637484
8562949,0.75637484
8562950,0.75637484
7970818,0.75637484
8380513,0.75637484
8380511,0.75637484
8380517,0.75637484
8263697,0.75637484
8380507,0.75637484
8380515,0.75637484
8334274,0.75678086
8452430,0.75678086
8268581,0.75678086
8748817,0.75678086
8748824,0.75678086
8297573,0.75678086
8340655,0.75678086
8299390,0.75678086
8192958,0.75678086
8495256,0.75678086
8136643,0.75678086
7994928,0.75678086
8192960,0.75678086
8136642,0.75678086
8268582,0.75678086
8192948,0.75678086
8134918,0.75678086
8297574,0.75678086
8422405,0.75678086
8168761,0.75678086
8495255,0.75678086
8164388,0.75678086
8748821,0.75678086
8452437,0.75678086
8267405,0.75678086
8192957,0.75678086
8192946,0.75678086
8748828,0.75678086
8422403,0.75678086
8192961,0.75678086
8192944,0.75678086
8452432,0.75678086
8340657,0.75678086
8748830,0.75678086
8251394,0.75678086
7994923,0.75678086
8334276,0.75678086
8748829,0.75678086
8495252,0.75678086
8218194,0.75678086
8748819,0.75678086
8299385,0.75678086
8422402,0.75678086
8251393,0.75678086
8218192,0.75678086
8495253,0.75678086
8452435,0.75678086
8136641,0.75678086
8251392,0.75678086
8182996,0.75678086
8168762,0.75678086
8340656,0.75678086
8299389,0.75678086
8192959,0.75678086
8452440,0.75678086
8452433,0.75678086
8748818,0.75678086
8334275,0.75678086
8748826,0.75678086
8452436,0.75678086
8452438,0.75678086
8267406,0.75678086
8748822,0.75678086
8134917,0.75678086
8340654,0.75678086
8168760,0.75678086
8136644,0.75678086
7994924,0.75678086
8218195,0.75678086
8748825,0.75678086
8218193,0.75678086
8168758,0.75678086
8267404,0.75678086
8452439,0.75678086
8299383,0.75678086
8452443,0.75678086
8192943,0.75678086
8452434,0.75678086
8748827,0.75678086
8748823,0.75678086
8452442,0.75678086
8748820,0.75678086
8299384,0.75678086
8168759,0.75678086
8340660,0.75678086
8192945,0.75678086
8422404,0.75678086
8168763,0.75678086
8192942,0.75678086
8495254,0.75678086
8299391,0.75678086
8192962,0.75678086
8452441,0.75678086
8192941,0.75678086
7994922,0.75678086
8452431,0.75678086
8505061,0.7568593
8505008,0.7568593
8505007,0.7568593
8134902,0.7568593
8505060,0.7568593
7994920,0.7568593
8771001,0.7568593
8770997,0.7568593
8505058,0.7568593
8770998,0.7568593
8770996,0.7568593
8770995,0.7568593
8505009,0.7568593
8505059,0.7568593
7994921,0.7568593
8770999,0.7568593
8771000,0.7568593
8429442,0.7580082
8420699,0.7580082
8420698,0.7580082
8429443,0.7580082
8452428,0.7593552
8429438,0.7593552
8562942,0.7594665
8562937,0.7594665
8562938,0.7594665
8562940,0.7594665
8562941,0.7594665
8562939,0.7594665
8390054,0.7611192
8390055,0.7611192
8390041,0.7611192
8390052,0.7611192
8390047,0.7611192
8225689,0.7611192
8390060,0.7611192
8390051,0.7611192
8225696,0.7611192
8390045,0.7611192
8225697,0.7611192
8390062,0.7611192
8225700,0.7611192
8390042,0.7611192
8225698,0.7611192
8225688,0.7611192
8263360,0.76166403
8180345,0.7620525
8279934,0.7620525
8670769,0.7622072
8341187,0.7622072
8545967,0.7622072
8545968,0.7622072
8670770,0.7622072
8233075,0.76259565
8233200,0.76259565
8233062,0.76259565
8233072,0.76259565
8233068,0.76259565
8233074,0.76259565
8233064,0.76259565
8233073,0.76259565
8233069,0.76259565
8233199,0.76259565
8233067,0.76259565
8233063,0.76259565
8486837,0.7626605
8574821,0.7626605
8486838,0.7626605
8518308,0.7659204
8225423,0.7695551
8119150,0.7695551
8341966,0.7703472
8321933,0.7703472
8321932,0.7703472
8341967,0.7703472
8192950,0.77192473
8136648,0.77192473
8773253,0.77192473
8773254,0.77192473
7994918,0.77192473
8505005,0.77192473
8081893,0.77192473
8505006,0.77192473
7994919,0.77192473
8370072,0.77308965
8498384,0.77472144
8374967,0.77472144
8498368,0.77472144
8287725,0.77472144
8287727,0.77472144
8565565,0.77472144
8411028,0.77472144
8498369,0.77472144
8565577,0.77472144
8029511,0.77472144
8531514,0.77472144
8565562,0.77472144
8498370,0.77472144
8180348,0.77472144
8498367,0.77472144
8565567,0.77472144
8498365,0.77472144
8498388,0.77472144
8531517,0.77472144
8446117,0.77472144
8531515,0.77472144
8180339,0.77472144
8565563,0.77472144
8481769,0.77472144
8245619,0.77472144
8531510,0.77472144
8287723,0.77472144
8180353,0.77472144
8531516,0.77472144
8565560,0.77472144
8531511,0.77472144
8029510,0.77472144
8531512,0.77472144
8029509,0.77472144
8446105,0.77472144
8180342,0.77472144
8180343,0.77472144
8411029,0.77472144
8029512,0.77472144
8180350,0.77472144
8498385,0.77472144
8446118,0.77472144
8029513,0.77472144
8287724,0.77472144
8565574,0.77472144
8565575,0.77472144
8446106,0.77472144
8287726,0.77472144
8245618,0.77472144
8245620,0.77472144
8531518,0.77472144
8498366,0.77472144
8374963,0.77472144
8531513,0.77472144
8446104,0.77472144
8481770,0.77472144
8565561,0.77472144
8245621,0.77472144
8180351,0.77472144
8305895,0.7755193
8380752,0.7755193
8171627,0.7755193
8256355,0.7755193
8330999,0.7755193
8308543,0.7755193
8256354,0.7755193
8167794,0.7755193
8380753,0.7755193
8312403,0.7755193
8162787,0.776791
8574823,0.776791
8341968,0.7819043
8321934,0.7819043
8203830,0.78356016
8176427,0.78389055
8493070,0.78389055
8389438,0.78389055
8258407,0.78550684
8258409,0.78550684
8245609,0.78550684
8245608,0.78550684
8258404,0.78550684
8258405,0.78550684
8258403,0.78550684
8245616,0.78550684
8245615,0.78550684
8245612,0.78550684
8258412,0.78550684
8245613,0.78550684
8245611,0.78550684
8258411,0.78550684
8258402,0.78550684
8245610,0.78550684
8245614,0.78550684
8258410,0.78550684
8022248,0.7920655
8046358,0.7920655
8171819,0.7969058
8297572,0.7969058
8420720,0.7969058
8380502,0.7969058
8563933,0.7969058
8422422,0.7982019
8422421,0.7982019
8422426,0.7982019
8422420,0.7982019
8422424,0.7982019
8422425,0.7982019
8422427,0.7982019
8422423,0.7982019
8422428,0.7982019
8505183,0.79963946
8218682,0.79963946
8163487,0.79963946
8505182,0.79963946
8193356,0.79963946
8135957,0.79963946
8218683,0.79963946
8163488,0.79963946
8193357,0.79963946
8218681,0.80588174
8037905,0.8280765
8178905,0.8280765
8561784,0.8280765
8178906,0.83280754
8178907,0.83280754
8037913,0.83280754
8037912,0.83280754
